DROP DATABASE QLGV;
CREATE DATABASE QLGV;
USE QLGV;
SET DATEFORMAT DMY;

------------------------------------------------ I. Ngôn ngữ định nghĩa dữ liệu (Data Definition Language): -----------------------------------------------------------------------
CREATE TABLE HOCVIEN
(
    MAHV char(5) PRIMARY KEY,
    HO varchar(40),
    TEN varchar(10),
    NGSINH smalldatetime,
    GIOITINH varchar(3),
    NOISINH varchar(40),
    MALOP char(3),
);

CREATE TABLE LOP
(
    MALOP char(3) PRIMARY KEY,
    TENLOP varchar(40),
    TRGLOP char(5),
    SISO tinyint,
    MAGVCN char(4),
);

CREATE TABLE KHOA
(
    MAKHOA varchar(4) PRIMARY KEY,
    TENKHOA varchar(40),
    NGTLAP smalldatetime,
    TRGKHOA char(4)
);

CREATE TABLE MONHOC
(
    MAMH varchar(10) PRIMARY KEY,
    TENMH varchar(40),
    TCLT tinyint,
    TCTH tinyint,
    MAKHOA varchar(4),
);

CREATE TABLE DIEUKIEN
(
    MAMH varchar(10),
    MAMH_TRUOC varchar(10),
    PRIMARY KEY (MAMH, MAMH_TRUOC),
);

CREATE TABLE GIAOVIEN
(
    MAGV char(4) PRIMARY KEY,
    HOTEN varchar(40),
    HOCVI varchar(10),
    HOCHAM varchar(10),
    GIOITINH varchar(3),
    NGSINH smalldatetime,
    NGVL smalldatetime,
    HESO numeric(4,2),
    MUCLUONG money,
    MAKHOA varchar(4),
);

CREATE TABLE GIANGDAY
(
    MALOP char(3),
    MAMH varchar(10),
    MAGV char(4),
    HOCKY tinyint,
    NAM smallint,
    TUNGAY smalldatetime,
    DENNGAY smalldatetime,
    PRIMARY KEY (MALOP, MAMH),
);

CREATE TABLE KETQUATHI
(
    MAHV char(5),
    MAMH varchar(10),
    LANTHI tinyint,
    NGTHI smalldatetime,
    DIEM numeric(4,2),
    KQUA varchar(10),
    PRIMARY KEY (MAHV, MAMH, LANTHI),
);

-- Foreign key
ALTER TABLE HOCVIEN
ADD FOREIGN KEY (MALOP) REFERENCES LOP(MALOP);

ALTER TABLE LOP
ADD FOREIGN KEY (MAGVCN) REFERENCES GIAOVIEN(MAGV);

ALTER TABLE MONHOC
ADD FOREIGN KEY (MAKHOA) REFERENCES KHOA(MAKHOA);

ALTER TABLE DIEUKIEN
ADD FOREIGN KEY (MAMH) REFERENCES MONHOC(MAMH);

ALTER TABLE GIANGDAY
ADD FOREIGN KEY (MALOP) REFERENCES LOP(MALOP),
    FOREIGN KEY (MAMH) REFERENCES MONHOC(MAMH),
    FOREIGN KEY (MAGV) REFERENCES GIAOVIEN(MAGV);

ALTER TABLE KETQUATHI
ADD FOREIGN KEY (MAHV) REFERENCES HOCVIEN(MAHV),
    FOREIGN KEY (MAMH) REFERENCES MONHOC(MAMH);

----------------------------------------------------------------------------------------------------------------------------------------------------------------------
-- 1. Tạo quan hệ và khai báo tất cả các ràng buộc khóa chính, khóa ngoại. Thêm vào 3 thuộc tính GHICHU, DIEMTB, XEPLOAI cho quan hệ HOCVIEN.
ALTER TABLE HOCVIEN
ADD GHICHU varchar(100),
    DIEMTB numeric(4, 2),
    XEPLOAI varchar(10);
   
-- 2. * Mã học viên là một chuỗi 5 ký tự, 3 ký tự đầu là mã lớp, 2 ký tự cuối cùng là số thứ tự học viên trong lớp. VD: “K1101”
ALTER TABLE HOCVIEN
ADD CONSTRAINT MAHV_CHECK CHECK (LEN(MAHV) = 5 AND LEFT(MAHV, 3) = MALOP AND ISNUMERIC(RIGHT(MAHV, 2)) = 1)

-- 3. Thuộc tính GIOITINH chỉ có giá trị là “Nam” hoặc “Nu”.
ALTER TABLE GIAOVIEN
ADD CONSTRAINT GIOITINH_GIAOVIEN_CHECK CHECK (GIOITINH IN ('Nam', 'Nu'));

ALTER TABLE HOCVIEN
ADD CONSTRAINT GIOITINH_HOCVIEN_CHECK CHECK (GIOITINH IN ('Nam', 'Nu'));

-- 4. Điểm số của một lần thi có giá trị từ 0 đến 10 và cần lưu đến 2 số lẽ (VD: 6.22).
ALTER TABLE KETQUATHI
ALTER COLUMN DIEM DECIMAL(4, 2)

ALTER TABLE KETQUATHI
ADD CONSTRAINT DIEM_CHECK CHECK (DIEM >= 0 AND DIEM <= 10);

-- 5. Kết quả thi là “Dat” nếu điểm từ 5 đến 10  và “Khong dat” nếu điểm nhỏ hơn 5.
ALTER TABLE KETQUATHI ADD CONSTRAINT CK_KQUA CHECK(KQUA = IIF(DIEM BETWEEN 5 AND 10, 'Dat', 'Khong dat'))

-- UPDATE KETQUATHI
-- SET KQUA = 
-- CASE 
--     WHEN DIEM >= 5 THEN 'Dat'
--     ELSE 'Khong dat'
-- END

-- 6. Học viên thi một môn tối đa 3 lần.
ALTER TABLE KETQUATHI
ADD CONSTRAINT LANTHI CHECK (LANTHI <= 3)

-- 7. Học kỳ chỉ có giá trị từ 1 đến 3.
ALTER TABLE GIANGDAY
ADD CONSTRAINT HOCKY_CHECK CHECK (HOCKY >= 1 AND HOCKY <= 3);

-- 8. Học vị của giáo viên chỉ có thể là “CN”, “KS”, “Ths”, ”TS”, ”PTS”.
ALTER TABLE GIAOVIEN
ADD CONSTRAINT HOCVI_CHECK CHECK (HOCVI IN ('CN', 'KS', 'Ths', 'TS', 'PTS'));

-- 9. Lớp trưởng của một lớp phải là học viên của lớp đó.
CREATE TRIGGER trigger_9 
ON LOP
FOR INSERT, UPDATE 
AS 
BEGIN
	IF EXISTS (
		SELECT 1
		FROM inserted i
		WHERE TRGLOP NOT IN (
			SELECT MAHV
			FROM HOCVIEN h
			WHERE i.MALOP = h.MALOP
		)
	)
	BEGIN
		PRINT 'TRUONG LOP KHONG NAM TRONG LOP!'
		ROLLBACK TRANSACTION
	END
	ELSE
	BEGIN 
		PRINT 'THANH CONG'
	END
END

-- 10. Trưởng khoa phải là giáo viên thuộc khoa và có học vị “TS” hoặc “PTS”.

-- 11.	Học viên ít nhất là 18 tuổi.
ALTER TABLE HOCVIEN ADD CONSTRAINT CK_TUOI CHECK(GETDATE() - NGSINH >= 18)

-- 12.	Giảng dạy một môn học ngày bắt đầu (TUNGAY) phải nhỏ hơn ngày kết thúc (DENNGAY).
ALTER TABLE GIANGDAY ADD CONSTRAINT CK_NGAY CHECK(TUNGAY < DENNGAY)

-- 13.	Giáo viên khi vào làm ít nhất là 22 tuổi.
ALTER TABLE GIAOVIEN ADD CONSTRAINT CK_NGVL CHECK(GETDATE() - NGVL >= 22)

-- 14.	Tất cả các môn học đều có số tín chỉ lý thuyết và tín chỉ thực hành chênh lệch nhau không quá 3.
ALTER TABLE MONHOC ADD CONSTRAINT CK_TC CHECK(ABS(TCLT - TCTH) <= 3)

-- 15. Học viên chỉ được thi một môn học nào đó khi lớp của học viên đã học xong môn học này.
-- 16. Mỗi học kỳ của một năm học, một lớp chỉ được học tối đa 3 môn.
-- 17. Sỉ số của một lớp bằng với số lượng học viên thuộc lớp đó.
CREATE TRIGGER trg_update_siso 
ON HOCVIEN
FOR INSERT, DELETE
AS
BEGIN
    -- Cập nhật sĩ số khi thêm học viên vào lớp
    UPDATE LOP
    SET SISO = (SELECT COUNT(*) FROM HOCVIEN WHERE HOCVIEN.MALOP = LOP.MALOP)
    WHERE LOP.MALOP IN (SELECT DISTINCT MALOP FROM INSERTED);

    -- Cập nhật sĩ số khi xóa học viên khỏi lớp
    UPDATE LOP
    SET SISO = (SELECT COUNT(*) FROM HOCVIEN WHERE HOCVIEN.MALOP = LOP.MALOP)
    WHERE LOP.MALOP IN (SELECT DISTINCT MALOP FROM DELETED);
END;

-- 18. Trong quan hệ DIEUKIEN giá trị của thuộc tính MAMH và MAMH_TRUOC trong cùng một bộ không được giống nhau (“A”,”A”) và cũng không tồn tại hai bộ (“A”,”B”) và (“B”,”A”).
-- 19. Các giáo viên có cùng học vị, học hàm, hệ số lương thì mức lương bằng nhau.
CREATE TRIGGER trg_CheckMucLuong ON GIAOVIEN
FOR INSERT, UPDATE
AS
BEGIN
    -- Kiểm tra dữ liệu mới chèn hoặc cập nhật
    IF EXISTS (
        SELECT 1
        FROM INSERTED i
        JOIN GIAOVIEN gv
        ON i.HOCVI = gv.HOCVI
           AND i.HOCHAM = gv.HOCHAM
           AND i.MUCLUONG <> gv.MUCLUONG
    )
    BEGIN
        RAISERROR ('Mức lương không đồng nhất cho các giáo viên có cùng học vị, học hàm, và hệ số lương.', 16, 1);
        ROLLBACK TRANSACTION;
    END
END;

-- 20. Học viên chỉ được thi lại (lần thi >1) khi điểm của lần thi trước đó dưới 5.
CREATE TRIGGER trg_CheckDiemThiLai
ON KetQuaThi
FOR INSERT, UPDATE
AS
BEGIN
    -- Kiểm tra nếu có lần thi mới không hợp lệ
    IF EXISTS (
        SELECT 1
        FROM INSERTED i
        JOIN KETQUATHI kqt
        ON i.MaHV = kqt.MaHV
           AND i.MAMH = kqt.MAMH
           AND i.LANTHI = kqt.LANTHI + 1
        WHERE kqt.DIEM >= 5
    )
    BEGIN
        RAISERROR ('Học viên chỉ được thi lại khi điểm của lần thi trước dưới 5.', 16, 1);
        ROLLBACK TRANSACTION;
    END
END;

-- 21. gày thi của lần thi sau phải lớn hơn ngày thi của lần thi trước (cùng học viên, cùng môn học).
CREATE TRIGGER trg_ins_ngaythi ON KETQUATHI
FOR INSERT, UPDATE
AS 
BEGIN 
	IF EXISTS (
		SELECT 1
		FROM INSERTED I
		JOIN KETQUATHI KQ
		ON I.MAHV = KQ.MAHV
		AND I.LANTHI = KQ.LANTHI+1
		AND I.MAMH = KQ.MAMH
		WHERE I.NGTHI <= KQ.NGTHI
	)
	BEGIN
		RAISERROR('Ngay thi sau cua hoc vien khong hop le',16,1)
		ROLLBACK TRANSACTION;
	END
END

-- 22. Khi phân công giảng dạy một môn học, phải xét đến thứ tự trước sau giữa các môn học (sau khi học xong những môn học phải học trước mới được học những môn liền sau).
-- 23. Giáo viên chỉ được phân công dạy những môn thuộc khoa giáo viên đó phụ trách.
CREATE TRIGGER trg_ins_phutrach ON GIANGDAY
FOR INSERT, UPDATE
AS
BEGIN
	IF EXISTS (
		SELECT 1
		FROM INSERTED I
		JOIN GIAOVIEN GV ON I.MAGV = GV.MAGV
		JOIN MONHOC MH ON MH.MAMH = I.MAMH
		WHERE MH.MAKHOA <> GV.MAKHOA
	)
	BEGIN 
		RAISERROR('Mon hoc phan cong cho giao vien khong cung khoa',16,1)
		ROLLBACK TRANSACTION;
	END
END

-----------------------------------------------------------------------------------------------------------------------------------------------------------------------------------

INSERT INTO KHOA VALUES('KHMT','Khoa hoc may tinh','7/6/2005','GV01')
INSERT INTO KHOA VALUES('HTTT','He thong thong tin','7/6/2005','GV02')
INSERT INTO KHOA VALUES('CNPM','Cong nghe phan mem','7/6/2005','GV04')
INSERT INTO KHOA VALUES('MTT','Mang va truyen thong','20/10/2005','GV03')
INSERT INTO KHOA VALUES('KTMT','Ky thuat may tinh','20/12/2005','Null')

INSERT INTO MONHOC VALUES('THDC','Tin hoc dai cuong','4','1','KHMT')
INSERT INTO MONHOC VALUES('CTRR','Cau truc roi rac','5','2','KHMT')
INSERT INTO MONHOC VALUES('CSDL','Co so du lieu','3','1','HTTT')
INSERT INTO MONHOC VALUES('CTDLGT','Cau truc du lieu va giai thuat','3','1','KHMT')
INSERT INTO MONHOC VALUES('PTTKTT','Phan tich thiet ke thuat toan','3','0','KHMT')
INSERT INTO MONHOC VALUES('DHMT','Do hoa may tinh','3','1','KHMT')
INSERT INTO MONHOC VALUES('KTMT','Kien truc may tinh','3','0','KTMT')
INSERT INTO MONHOC VALUES('TKCSDL','Thiet ke co so du lieu','3','1','HTTT')
INSERT INTO MONHOC VALUES('PTTKHTTT','Phan tich thiet ke he thong thong tin','4','1','HTTT')
INSERT INTO MONHOC VALUES('HDH','He dieu hanh','4','1','KTMT')
INSERT INTO MONHOC VALUES('NMCNPM','Nhap mon cong nghe phan mem','3','0','CNPM')
INSERT INTO MONHOC VALUES('LTCFW','Lap trinh C for win','3','1','CNPM')
INSERT INTO MONHOC VALUES('LTHDT','Lap trinh huong doi tuong','3','1','CNPM')

INSERT INTO DIEUKIEN VALUES('CSDL','CTRR')
INSERT INTO DIEUKIEN VALUES('CSDL','CTDLGT')
INSERT INTO DIEUKIEN VALUES('CTDLGT','THDC')
INSERT INTO DIEUKIEN VALUES('PTTKTT','THDC')
INSERT INTO DIEUKIEN VALUES('PTTKTT','CTDLGT')
INSERT INTO DIEUKIEN VALUES('DHMT','THDC')
INSERT INTO DIEUKIEN VALUES('LTHDT','THDC')
INSERT INTO DIEUKIEN VALUES('PTTKHTTT','CSDL')

INSERT INTO GIAOVIEN VALUES('GV01','Ho Thanh Son','PTS','GS','Nam','2/5/1950','11/1/2004','5.00','2,250,000','KHMT')
INSERT INTO GIAOVIEN VALUES('GV02','Tran Tam Thanh','TS','PGS','Nam','17/12/1965','20/4/2004','4.50','2,025,000','HTTT')
INSERT INTO GIAOVIEN VALUES('GV03','Do Nghiem Phung','TS','GS','Nu','1/8/1950','23/9/2004','4.00','1,800,000','CNPM')
INSERT INTO GIAOVIEN VALUES('GV04','Tran Nam Son','TS','PGS','Nam','22/2/1961','12/1/2005','4.50','2,025,000','KTMT')
INSERT INTO GIAOVIEN VALUES('GV05','Mai Thanh Danh','ThS','GV','Nam','12/3/1958','12/1/2005','3.00','1,350,000','HTTT')
INSERT INTO GIAOVIEN VALUES('GV06','Tran Doan Hung','TS','GV','Nam','11/3/1953','12/1/2005','4.50','2,025,000','KHMT')
INSERT INTO GIAOVIEN VALUES('GV07','Nguyen Minh Tien','ThS','GV','Nam','23/11/1971','1/3/2005','4.00','1,800,000','KHMT')
INSERT INTO GIAOVIEN VALUES('GV08','Le Thi Tran','KS','Null','Nu','26/3/1974','1/3/2005','1.69','760,500','KHMT')
INSERT INTO GIAOVIEN VALUES('GV09','Nguyen To Lan','ThS','GV','Nu','31/12/1966','1/3/2005','4.00','1,800,000','HTTT')
INSERT INTO GIAOVIEN VALUES('GV10','Le Tran Anh Loan','KS','Null','Nu','17/7/1972','1/3/2005','1.86','837,000','CNPM')
INSERT INTO GIAOVIEN VALUES('GV11','Ho Thanh Tung','CN','GV','Nam','12/1/1980','15/5/2005','2.67','1,201,500','MTT')
INSERT INTO GIAOVIEN VALUES('GV12','Tran Van Anh','CN','Null','Nu','29/3/1981','15/5/2005','1.69','760,500','CNPM')
INSERT INTO GIAOVIEN VALUES('GV13','Nguyen Linh Dan','CN','Null','Nu','23/5/1980','15/5/2005','1.69','760,500','KTMT')
INSERT INTO GIAOVIEN VALUES('GV14','Truong Minh Chau','ThS','GV','Nu','30/11/1976','15/5/2005','3.00','1,350,000','MTT')
INSERT INTO GIAOVIEN VALUES('GV15','Le Ha Thanh','ThS','GV','Nam','4/5/1978','15/5/2005','3.00','1,350,000','KHMT')

INSERT INTO LOP VALUES('K11','Lop 1 khoa 1','K1108','11','GV07')
INSERT INTO LOP VALUES('K12','Lop 2 khoa 1','K1205','12','GV09')
INSERT INTO LOP VALUES('K13','Lop 3 khoa 1','K1305','12','GV14')

INSERT INTO HOCVIEN VALUES('K1101','Nguyen Van','A','27/1/1986','Nam','TpHCM','K11')
INSERT INTO HOCVIEN VALUES('K1102','Tran Ngoc','Han','14/3/1986','Nu','Kien Giang','K11')
INSERT INTO HOCVIEN VALUES('K1103','Ha Duy','Lap','18/4/1986','Nam','Nghe An','K11')
INSERT INTO HOCVIEN VALUES('K1104','Tran Ngoc','Linh','30/3/1986','Nu','Tay Ninh','K11')
INSERT INTO HOCVIEN VALUES('K1105','Tran Minh','Long','27/2/1986','Nam','TpHCM','K11')
INSERT INTO HOCVIEN VALUES('K1106','Le Nhat','Minh','24/1/1986','Nam','TpHCM','K11')
INSERT INTO HOCVIEN VALUES('K1107','Nguyen Nhu','Nhut','27/1/1986','Nam','Ha Noi','K11')
INSERT INTO HOCVIEN VALUES('K1108','Nguyen Manh','Tam','27/2/1986','Nam','Kien Giang','K11')
INSERT INTO HOCVIEN VALUES('K1109','Phan Thi Thanh','Tam','27/1/1986','Nu','Vinh Long','K11')
INSERT INTO HOCVIEN VALUES('K1110','Le Hoai','Thuong','5/2/1986','Nu','Can Tho','K11')
INSERT INTO HOCVIEN VALUES('K1111','Le Ha','Vinh','25/12/1986','Nam','Vinh Long','K11')
INSERT INTO HOCVIEN VALUES('K1201','Nguyen Van','B','11/2/1986','Nam','TpHCM','K12')
INSERT INTO HOCVIEN VALUES('K1202','Nguyen Thi Kim','Duyen','18/1/1986','Nu','TpHCM','K12')
INSERT INTO HOCVIEN VALUES('K1203','Tran Thi Kim','Duyen','17/9/1986','Nu','TpHCM','K12')
INSERT INTO HOCVIEN VALUES('K1204','Truong My','Hanh','19/5/1986','Nu','Dong Nai','K12')
INSERT INTO HOCVIEN VALUES('K1205','Nguyen Thanh','Nam','17/4/1986','Nam','TpHCM','K12')
INSERT INTO HOCVIEN VALUES('K1206','Nguyen Thi Truc','Thanh','4/3/1986','Nu','Kien Giang','K12')
INSERT INTO HOCVIEN VALUES('K1207','Tran Thi Bich','Thuy','8/2/1986','Nu','Nghe An','K12')
INSERT INTO HOCVIEN VALUES('K1208','Huynh Thi Kim','Trieu','8/4/1986','Nu','Tay Ninh','K12')
INSERT INTO HOCVIEN VALUES('K1209','Pham Thanh','Trieu','23/2/1986','Nam','TpHCM','K12')
INSERT INTO HOCVIEN VALUES('K1210','Ngo Thanh','Tuan','14/2/1986','Nam','TpHCM','K12')
INSERT INTO HOCVIEN VALUES('K1211','Do Thi','Xuan','9/3/1986','Nu','Ha Noi','K12')
INSERT INTO HOCVIEN VALUES('K1212','Le Thi Phi','Yen','12/3/1986','Nu','TpHCM','K12')
INSERT INTO HOCVIEN VALUES('K1301','Nguyen Thi Kim','Cuc','9/6/1986','Nu','Kien Giang','K13')
INSERT INTO HOCVIEN VALUES('K1302','Truong Thi My','Hien','18/3/1986','Nu','Nghe An','K13')
INSERT INTO HOCVIEN VALUES('K1303','Le Duc','Hien','21/3/1986','Nam','Tay Ninh','K13')
INSERT INTO HOCVIEN VALUES('K1304','Le Quang','Hien','18/4/1986','Nam','TpHCM','K13')
INSERT INTO HOCVIEN VALUES('K1305','Le Thi','Huong','27/3/1986','Nu','TpHCM','K13')
INSERT INTO HOCVIEN VALUES('K1306','Nguyen Thai','Huu','30/3/1986','Nam','Ha Noi','K13')
INSERT INTO HOCVIEN VALUES('K1307','Tran Minh','Man','28/5/1986','Nam','TpHCM','K13')
INSERT INTO HOCVIEN VALUES('K1308','Nguyen Hieu','Nghia','8/4/1986','Nam','Kien Giang','K13')
INSERT INTO HOCVIEN VALUES('K1309','Nguyen Trung','Nghia','18/1/1987','Nam','Nghe An','K13')
INSERT INTO HOCVIEN VALUES('K1310','Tran Thi Hong','Tham','22/4/1986','Nu','Tay Ninh','K13')
INSERT INTO HOCVIEN VALUES('K1311','Tran Minh','Thuc','4/4/1986','Nam','TpHCM','K13')
INSERT INTO HOCVIEN VALUES('K1312','Nguyen Thi Kim','Yen','7/9/1986','Nu','TpHCM','K13')

INSERT INTO GIANGDAY VALUES('K11','THDC','GV07','1','2006','2/1/2006','12/5/2006')
INSERT INTO GIANGDAY VALUES('K12','THDC','GV06','1','2006','2/1/2006','12/5/2006')
INSERT INTO GIANGDAY VALUES('K13','THDC','GV15','1','2006','2/1/2006','12/5/2006')
INSERT INTO GIANGDAY VALUES('K11','CTRR','GV02','1','2006','9/1/2006','17/5/2006')
INSERT INTO GIANGDAY VALUES('K12','CTRR','GV02','1','2006','9/1/2006','17/5/2006')
INSERT INTO GIANGDAY VALUES('K13','CTRR','GV08','1','2006','9/1/2006','17/5/2006')
INSERT INTO GIANGDAY VALUES('K11','CSDL','GV05','2','2006','1/6/2006','15/7/2006')
INSERT INTO GIANGDAY VALUES('K12','CSDL','GV09','2','2006','1/6/2006','15/7/2006')
INSERT INTO GIANGDAY VALUES('K13','CTDLGT','GV15','2','2006','1/6/2006','15/7/2006')
INSERT INTO GIANGDAY VALUES('K13','CSDL','GV05','3','2006','1/8/2006','15/12/2006')
INSERT INTO GIANGDAY VALUES('K13','DHMT','GV07','3','2006','1/8/2006','15/12/2006')
INSERT INTO GIANGDAY VALUES('K11','CTDLGT','GV15','3','2006','1/8/2006','15/12/2006')
INSERT INTO GIANGDAY VALUES('K12','CTDLGT','GV15','3','2006','1/8/2006','15/12/2006')
INSERT INTO GIANGDAY VALUES('K11','HDH','GV04','1','2007','2/1/2007','18/2/2007')
INSERT INTO GIANGDAY VALUES('K12','HDH','GV04','1','2007','2/1/2007','20/3/2007')
INSERT INTO GIANGDAY VALUES('K11','DHMT','GV07','1','2007','18/2/2007','20/3/2007')

INSERT INTO KETQUATHI(MAHV, MAMH, LANTHI, NGTHI, DIEM, KQUA) VALUES('K1101','CSDL','1','20/7/2006','10.00','Dat')
INSERT INTO KETQUATHI(MAHV, MAMH, LANTHI, NGTHI, DIEM, KQUA) VALUES('K1101','CTDLGT','1','28/12/2006','9.00','Dat')
INSERT INTO KETQUATHI(MAHV, MAMH, LANTHI, NGTHI, DIEM, KQUA) VALUES('K1101','THDC','1','20/5/2006','9.00','Dat')
INSERT INTO KETQUATHI(MAHV, MAMH, LANTHI, NGTHI, DIEM, KQUA) VALUES('K1101','CTRR','1','13/5/2006','9.50','Dat')
INSERT INTO KETQUATHI(MAHV, MAMH, LANTHI, NGTHI, DIEM, KQUA) VALUES('K1102','CSDL','1','20/7/2006','4.00','Khong Dat')
INSERT INTO KETQUATHI(MAHV, MAMH, LANTHI, NGTHI, DIEM, KQUA) VALUES('K1102','CSDL','2','27/7/2006','4.25','Khong Dat')
INSERT INTO KETQUATHI(MAHV, MAMH, LANTHI, NGTHI, DIEM, KQUA) VALUES('K1102','CSDL','3','10/8/2006','4.50','Khong Dat')
INSERT INTO KETQUATHI(MAHV, MAMH, LANTHI, NGTHI, DIEM, KQUA) VALUES('K1102','CTDLGT','1','28/12/2006','4.50','Khong Dat')
INSERT INTO KETQUATHI(MAHV, MAMH, LANTHI, NGTHI, DIEM, KQUA) VALUES('K1102','CTDLGT','2','5/1/2007','4.00','Khong Dat')
INSERT INTO KETQUATHI(MAHV, MAMH, LANTHI, NGTHI, DIEM, KQUA) VALUES('K1102','CTDLGT','3','15/1/2007','6.00','Dat')
INSERT INTO KETQUATHI(MAHV, MAMH, LANTHI, NGTHI, DIEM, KQUA) VALUES('K1102','THDC','1','20/5/2006','5.00','Dat')
INSERT INTO KETQUATHI(MAHV, MAMH, LANTHI, NGTHI, DIEM, KQUA) VALUES('K1102','CTRR','1','13/5/2006','7.00','Dat')
INSERT INTO KETQUATHI(MAHV, MAMH, LANTHI, NGTHI, DIEM, KQUA) VALUES('K1103','CSDL','1','20/7/2006','3.50','Khong Dat')
INSERT INTO KETQUATHI(MAHV, MAMH, LANTHI, NGTHI, DIEM, KQUA) VALUES('K1103','CSDL','2','27/7/2006','8.25','Dat')
INSERT INTO KETQUATHI(MAHV, MAMH, LANTHI, NGTHI, DIEM, KQUA) VALUES('K1103','CTDLGT','1','28/12/2006','7.00','Dat')
INSERT INTO KETQUATHI(MAHV, MAMH, LANTHI, NGTHI, DIEM, KQUA) VALUES('K1103','THDC','1','20/5/2006','8.00','Dat')
INSERT INTO KETQUATHI(MAHV, MAMH, LANTHI, NGTHI, DIEM, KQUA) VALUES('K1103','CTRR','1','13/5/2006','6.50','Dat')
INSERT INTO KETQUATHI(MAHV, MAMH, LANTHI, NGTHI, DIEM, KQUA) VALUES('K1104','CSDL','1','20/7/2006','3.75','Khong Dat')
INSERT INTO KETQUATHI(MAHV, MAMH, LANTHI, NGTHI, DIEM, KQUA) VALUES('K1104','CTDLGT','1','28/12/2006','4.00','Khong Dat')
INSERT INTO KETQUATHI(MAHV, MAMH, LANTHI, NGTHI, DIEM, KQUA) VALUES('K1104','THDC','1','20/5/2006','4.00','Khong Dat')
INSERT INTO KETQUATHI(MAHV, MAMH, LANTHI, NGTHI, DIEM, KQUA) VALUES('K1104','CTRR','1','13/5/2006','4.00','Khong Dat')
INSERT INTO KETQUATHI(MAHV, MAMH, LANTHI, NGTHI, DIEM, KQUA) VALUES('K1104','CTRR','2','20/5/2006','3.50','Khong Dat')
INSERT INTO KETQUATHI(MAHV, MAMH, LANTHI, NGTHI, DIEM, KQUA) VALUES('K1104','CTRR','3','30/6/2006','4.00','Khong Dat')
INSERT INTO KETQUATHI(MAHV, MAMH, LANTHI, NGTHI, DIEM, KQUA) VALUES('K1201','CSDL','1','20/7/2006','6.00','Dat')
INSERT INTO KETQUATHI(MAHV, MAMH, LANTHI, NGTHI, DIEM, KQUA) VALUES('K1201','CTDLGT','1','28/12/2006','5.00','Dat')
INSERT INTO KETQUATHI(MAHV, MAMH, LANTHI, NGTHI, DIEM, KQUA) VALUES('K1201','THDC','1','20/5/2006','8.50','Dat')
INSERT INTO KETQUATHI(MAHV, MAMH, LANTHI, NGTHI, DIEM, KQUA) VALUES('K1201','CTRR','1','13/5/2006','9.00','Dat')
INSERT INTO KETQUATHI(MAHV, MAMH, LANTHI, NGTHI, DIEM, KQUA) VALUES('K1202','CSDL','1','20/7/2006','8.00','Dat')
INSERT INTO KETQUATHI(MAHV, MAMH, LANTHI, NGTHI, DIEM, KQUA) VALUES('K1202','CTDLGT','1','28/12/2006','4.00','Khong Dat')
INSERT INTO KETQUATHI(MAHV, MAMH, LANTHI, NGTHI, DIEM, KQUA) VALUES('K1202','CTDLGT','2','5/1/2007','5.00','Dat')
INSERT INTO KETQUATHI(MAHV, MAMH, LANTHI, NGTHI, DIEM, KQUA) VALUES('K1202','THDC','1','20/5/2006','4.00','Khong Dat')
INSERT INTO KETQUATHI(MAHV, MAMH, LANTHI, NGTHI, DIEM, KQUA) VALUES('K1202','THDC','2','27/5/2006','4.00','Khong Dat')
INSERT INTO KETQUATHI(MAHV, MAMH, LANTHI, NGTHI, DIEM, KQUA) VALUES('K1202','CTRR','1','13/5/2006','3.00','Khong Dat')
INSERT INTO KETQUATHI(MAHV, MAMH, LANTHI, NGTHI, DIEM, KQUA) VALUES('K1202','CTRR','2','20/5/2006','4.00','Khong Dat')
INSERT INTO KETQUATHI(MAHV, MAMH, LANTHI, NGTHI, DIEM, KQUA) VALUES('K1202','CTRR','3','30/6/2006','6.25','Dat')
INSERT INTO KETQUATHI(MAHV, MAMH, LANTHI, NGTHI, DIEM, KQUA) VALUES('K1203','CSDL','1','20/7/2006','9.25','Dat')
INSERT INTO KETQUATHI(MAHV, MAMH, LANTHI, NGTHI, DIEM, KQUA) VALUES('K1203','CTDLGT','1','28/12/2006','9.50','Dat')
INSERT INTO KETQUATHI(MAHV, MAMH, LANTHI, NGTHI, DIEM, KQUA) VALUES('K1203','THDC','1','20/5/2006','10.00','Dat')
INSERT INTO KETQUATHI(MAHV, MAMH, LANTHI, NGTHI, DIEM, KQUA) VALUES('K1203','CTRR','1','13/5/2006','10.00','Dat')
INSERT INTO KETQUATHI(MAHV, MAMH, LANTHI, NGTHI, DIEM, KQUA) VALUES('K1204','CSDL','1','20/7/2006','8.50','Dat')
INSERT INTO KETQUATHI(MAHV, MAMH, LANTHI, NGTHI, DIEM, KQUA) VALUES('K1204','CTDLGT','1','28/12/2006','6.75','Dat')
INSERT INTO KETQUATHI(MAHV, MAMH, LANTHI, NGTHI, DIEM, KQUA) VALUES('K1204','THDC','1','20/5/2006','4.00','Khong Dat')
INSERT INTO KETQUATHI(MAHV, MAMH, LANTHI, NGTHI, DIEM, KQUA) VALUES('K1204','CTRR','1','13/5/2006','6.00','Dat')
INSERT INTO KETQUATHI(MAHV, MAMH, LANTHI, NGTHI, DIEM, KQUA) VALUES('K1301','CSDL','1','20/12/2006','4.25','Khong Dat')
INSERT INTO KETQUATHI(MAHV, MAMH, LANTHI, NGTHI, DIEM, KQUA) VALUES('K1301','CTDLGT','1','25/7/2006','8.00','Dat')
INSERT INTO KETQUATHI(MAHV, MAMH, LANTHI, NGTHI, DIEM, KQUA) VALUES('K1301','THDC','1','20/5/2006','7.75','Dat')
INSERT INTO KETQUATHI(MAHV, MAMH, LANTHI, NGTHI, DIEM, KQUA) VALUES('K1301','CTRR','1','13/5/2006','8.00','Dat')
INSERT INTO KETQUATHI(MAHV, MAMH, LANTHI, NGTHI, DIEM, KQUA) VALUES('K1302','CSDL','1','20/12/2006','6.75','Dat')
INSERT INTO KETQUATHI(MAHV, MAMH, LANTHI, NGTHI, DIEM, KQUA) VALUES('K1302','CTDLGT','1','25/7/2006','5.00','Dat')
INSERT INTO KETQUATHI(MAHV, MAMH, LANTHI, NGTHI, DIEM, KQUA) VALUES('K1302','THDC','1','20/5/2006','8.00','Dat')
INSERT INTO KETQUATHI(MAHV, MAMH, LANTHI, NGTHI, DIEM, KQUA) VALUES('K1302','CTRR','1','13/5/2006','8.50','Dat')
INSERT INTO KETQUATHI(MAHV, MAMH, LANTHI, NGTHI, DIEM, KQUA) VALUES('K1303','CSDL','1','20/12/2006','4.00','Khong Dat')
INSERT INTO KETQUATHI(MAHV, MAMH, LANTHI, NGTHI, DIEM, KQUA) VALUES('K1303','CTDLGT','1','25/7/2006','4.50','Khong Dat')
INSERT INTO KETQUATHI(MAHV, MAMH, LANTHI, NGTHI, DIEM, KQUA) VALUES('K1303','CTDLGT','2','7/8/2006','4.00','Khong Dat')
INSERT INTO KETQUATHI(MAHV, MAMH, LANTHI, NGTHI, DIEM, KQUA) VALUES('K1303','CTDLGT','3','15/8/2006','4.25','Khong Dat')
INSERT INTO KETQUATHI(MAHV, MAMH, LANTHI, NGTHI, DIEM, KQUA) VALUES('K1303','THDC','1','20/5/2006','4.50','Khong Dat')
INSERT INTO KETQUATHI(MAHV, MAMH, LANTHI, NGTHI, DIEM, KQUA) VALUES('K1303','CTRR','1','13/5/2006','3.25','Khong Dat')
INSERT INTO KETQUATHI(MAHV, MAMH, LANTHI, NGTHI, DIEM, KQUA) VALUES('K1303','CTRR','2','20/5/2006','5.00','Dat')
INSERT INTO KETQUATHI(MAHV, MAMH, LANTHI, NGTHI, DIEM, KQUA) VALUES('K1304','CSDL','1','20/12/2006','7.75','Dat')
INSERT INTO KETQUATHI(MAHV, MAMH, LANTHI, NGTHI, DIEM, KQUA) VALUES('K1304','CTDLGT','1','25/7/2006','9.75','Dat')
INSERT INTO KETQUATHI(MAHV, MAMH, LANTHI, NGTHI, DIEM, KQUA) VALUES('K1304','THDC','1','20/5/2006','5.50','Dat')
INSERT INTO KETQUATHI(MAHV, MAMH, LANTHI, NGTHI, DIEM, KQUA) VALUES('K1304','CTRR','1','13/5/2006','5.00','Dat')
INSERT INTO KETQUATHI(MAHV, MAMH, LANTHI, NGTHI, DIEM, KQUA) VALUES('K1305','CSDL','1','20/12/2006','9.25','Dat')
INSERT INTO KETQUATHI(MAHV, MAMH, LANTHI, NGTHI, DIEM, KQUA) VALUES('K1305','CTDLGT','1','25/7/2006','10.00','Dat')
INSERT INTO KETQUATHI(MAHV, MAMH, LANTHI, NGTHI, DIEM, KQUA) VALUES('K1305','THDC','1','20/5/2006','8.00','Dat')
INSERT INTO KETQUATHI(MAHV, MAMH, LANTHI, NGTHI, DIEM, KQUA) VALUES('K1305','CTRR','1','13/5/2006','10.00','Dat')

---------------------------------------------- II. Ngôn ngữ thao tác dữ liệu (Data Manipulation Language): -----------------------------------------------------------------
-- 1. Tăng hệ số lương thêm 0.2 cho những giáo viên là trưởng khoa.
UPDATE GIAOVIEN
SET HESO = HESO + 0.2
WHERE MAGV IN (
    SELECT TRGKHOA
    FROM KHOA
)

-- 2. Cập nhật giá trị điểm trung bình tất cả các môn học (DIEMTB) của mỗi học viên (tất cả các môn học đều có hệ số 1 và nếu học viên thi một môn nhiều lần, chỉ lấy điểm của lần thi sau cùng).
-- Cach 1:
UPDATE HOCVIEN
SET DIEMTB = (
	SELECT AVG(DIEM)
	FROM (
		-- CHỌN MÔN HỌC CÓ SỐ LẦN THI LẠI LỚN NHẤT
		SELECT *
		FROM KETQUATHI AS KQ
		WHERE LANTHI = (
			-- CHỌN SỐ LẦN THI LẠI LỚN NHẤT
			SELECT MAX(LANTHI)
			FROM KETQUATHI
			WHERE KQ.MAHV = KETQUATHI.MAHV 
			AND KQ.MAMH = KETQUATHI.MAMH
		) 
	) AS LASTATTEMPT
	WHERE HOCVIEN.MAHV = LASTATTEMPT.MAHV
)
SELECT * FROM HOCVIEN

-- Cach 2:
UPDATE HOCVIEN
SET DIEMTB = (
    SELECT AVG(DIEM)
    FROM KETQUATHI AS KQ
    WHERE KQ.MAHV = HOCVIEN.MAHV
    AND KQ.LANTHI = (
        SELECT MAX(LANTHI)
        FROM KETQUATHI AS KQ2
        WHERE KQ2.MAHV = KQ.MAHV AND KQ2.MAMH = KQ.MAMH
    )
);

-- 3. Cập nhật giá trị cho cột GHICHU là “Cam thi” đối với trường hợp: học viên có một môn bất kỳ thi lần thứ 3 dưới 5 điểm.
UPDATE HOCVIEN
SET GHICHU = 'Cam thi'
WHERE MAHV IN (
    SELECT MAHV
    FROM KETQUATHI
    WHERE LANTHI = 3 AND DIEM < 5
);

-- 4. Cập nhật giá trị cho cột XEPLOAI trong quan hệ HOCVIEN như sau:
-- Nếu DIEMTB ≥ 9 thì XEPLOAI =”XS”
-- Nếu  8 ≤ DIEMTB < 9 thì XEPLOAI = “G”
-- Nếu  6.5 ≤ DIEMTB < 8 thì XEPLOAI = “K”
-- Nếu  5  ≤  DIEMTB < 6.5 thì XEPLOAI = “TB”
-- Nếu  DIEMTB < 5 thì XEPLOAI = ”Y”
UPDATE HOCVIEN
SET XEPLOAI = CASE
    WHEN DIEMTB >= 9 THEN 'XS'
    WHEN DIEMTB >= 8 THEN 'G'
    WHEN DIEMTB >= 6.5 THEN 'K'
    WHEN DIEMTB >= 5 THEN 'TB'
    ELSE 'Y'
END;

---------------------------------------------------------- III. Ngôn ngữ truy vấn dữ liệu có cấu trúc: --------------------------------------------------------------
--1.	In ra danh sách (mã học viên, họ tên, ngày sinh, mã lớp) lớp trưởng của các lớp.
SELECT HV.MAHV, HV.HO+' '+HV.TEN AS HOTEN, HV.NGSINH, HV.MALOP 
FROM HOCVIEN HV
INNER JOIN LOP L ON L.TRGLOP = HV.MAHV

--2.	In ra bảng điểm khi thi (mã học viên, họ tên, lần thi, điểm số) môn CTRR của lớp “K12”, sắp xếp theo tên, họ học viên.
SELECT HOCVIEN.MAHV, HOCVIEN.HO+' '+HOCVIEN.TEN AS HOTEN, KETQUATHI.LANTHI, KETQUATHI.DIEM
FROM KETQUATHI
INNER JOIN  HOCVIEN ON KETQUATHI.MAHV = HOCVIEN.MAHV
INNER JOIN MONHOC ON KETQUATHI.MAMH = MONHOC.MAMH
WHERE KETQUATHI.MAMH = 'CTRR' AND MALOP = 'K12'
ORDER BY TEN, HO

--3.	In ra danh sách những học viên (mã học viên, họ tên) và những môn học mà học viên đó thi lần thứ nhất đã đạt.
SELECT KETQUATHI.MAHV, HOCVIEN.HO+' '+HOCVIEN.TEN AS HOTEN, TENMH 
FROM KETQUATHI
INNER  JOIN MONHOC ON MONHOC.MAMH = KETQUATHI.MAMH
INNER JOIN HOCVIEN ON HOCVIEN.MAHV = KETQUATHI.MAHV
WHERE LANTHI = 1 AND KQUA = 'Dat'

--4.	In ra danh sách học viên (mã học viên, họ tên) của lớp “K11” thi môn CTRR không đạt (ở lần thi 1).
SELECT HOCVIEN.MAHV, HOCVIEN.HO+' '+HOCVIEN.TEN AS HOTEN
FROM HOCVIEN
INNER JOIN KETQUATHI ON KETQUATHI.MAHV = HOCVIEN.MAHV
INNER JOIN MONHOC ON KETQUATHI.MAMH = MONHOC.MAMH
WHERE HOCVIEN.MALOP = 'K11' AND TENMH = 'cau truc roi rac' AND LANTHI = 1 AND KQUA = 'Khong Dat'

--5.* Danh sách học viên (mã học viên, họ tên) của lớp “K” thi môn CTRR không đạt (ở tất cả các lần thi).
SELECT HOCVIEN.MAHV, HO + ' ' + TEN AS HOTEN
FROM HOCVIEN
JOIN KETQUATHI ON KETQUATHI.MAHV = HOCVIEN.MAHV
WHERE HOCVIEN.MALOP LIKE 'K%' AND MAMH = 'CTRR' AND KQUA = 'Khong Dat' AND LANTHI = (
	-- lấy ra lần thi cao nhất của môn CTRR
	SELECT MAX(LANTHI)
	FROM KETQUATHI
	WHERE MAMH = 'CTRR' AND MAHV = HOCVIEN.MAHV
)

--6. Tìm tên những môn học mà giáo viên có tên “Tran Tam Thanh” dạy trong học kỳ 1 năm 2006.
SELECT DISTINCT MONHOC.TENMH
FROM GIANGDAY
JOIN GIAOVIEN ON GIAOVIEN.MAGV = GIANGDAY.MAGV
JOIN MONHOC ON MONHOC.MAMH = GIANGDAY.MAMH
WHERE GIAOVIEN.HOTEN = 'Tran Tam Thanh' AND HOCKY = 1 AND NAM = 2006

--7. Tìm những môn học (mã môn học, tên môn học) mà giáo viên chủ nhiệm lớp “K11” dạy trong học kỳ 1 năm 2006.
SELECT MAMH, TENMH
FROM MONHOC
WHERE MAMH IN (
    SELECT MAMH
    FROM GIANGDAY
    JOIN GIAOVIEN ON GIAOVIEN.MAGV = GIANGDAY.MAGV
    JOIN LOP ON LOP.MAGVCN = GIAOVIEN.MAGV
    WHERE LOP.MALOP = 'K11' AND HOCKY = 1 AND NAM = 2006
)

--8. Tìm họ tên lớp trưởng của các lớp mà giáo viên có tên “Nguyen To Lan” dạy môn “Co So Du Lieu”.
SELECT HV.HO + ' ' + HV.TEN AS HOTEN
FROM HOCVIEN HV
WHERE MAHV IN (
    SELECT LOP.TRGLOP
    FROM LOP
    JOIN GIANGDAY ON GIANGDAY.MALOP = LOP.MALOP
    JOIN GIAOVIEN ON GIAOVIEN.MAGV = GIANGDAY.MAGV
    JOIN MONHOC ON MONHOC.MAMH = GIANGDAY.MAMH
    WHERE GIAOVIEN.HOTEN = 'Nguyen To Lan' AND MONHOC.TENMH = 'Co So Du Lieu'
)

--9. In ra danh sách những môn học (mã môn học, tên môn học) phải học liền trước môn “Co So Du Lieu”.
SELECT MAMH, TENMH
FROM MONHOC
WHERE MAMH IN (
	SELECT MAMH_TRUOC
	FROM DIEUKIEN
	WHERE MAMH = (
		SELECT MAMH 
		FROM MONHOC
		WHERE TENMH = 'Co so du lieu'
	)
)

--10. Môn “Cau Truc Roi Rac” là môn bắt buộc phải học liền trước những môn học (mã môn học, tên môn học) nào.
SELECT MAMH, TENMH
FROM MONHOC
WHERE MAMH IN (
	SELECT MAMH
	FROM DIEUKIEN
	WHERE MAMH_TRUOC IN (
		SELECT MAMH
		FROM MONHOC
		WHERE TENMH = 'Cau truc roi rac'
	)
)

--11. Tìm họ tên giáo viên dạy môn CTRR cho cả hai lớp “K11” và “K12” trong cùng học kỳ 1 năm 2006.
SELECT HOTEN
FROM GIAOVIEN
WHERE MAGV IN (
	SELECT MAGV
	FROM GIANGDAY
	WHERE MALOP = 'K11' AND HOCKY = 1 AND NAM = 2006 AND MAGV IN (
		SELECT MAGV
		FROM GIANGDAY
		WHERE MALOP = 'K12'
	)
)

-- 12. Tìm những học viên (mã học viên, họ tên) thi không đạt môn CSDL ở lần thi thứ 1 nhưng chưa thi lại môn này.
SELECT HOCVIEN.MAHV, HO + ' ' + TEN AS HOTEN
FROM HOCVIEN
JOIN KETQUATHI ON HOCVIEN.MAHV = KETQUATHI.MAHV
WHERE KETQUATHI.MAMH = 'CSDL'
AND KETQUATHI.LANTHI = 1
AND KETQUATHI.DIEM < 5
AND NOT EXISTS 
(
    SELECT 1
    FROM KETQUATHI AS KQ2
    WHERE KQ2.MAHV = KETQUATHI.MAHV
    AND KQ2.MAMH = 'CSDL'
    AND KQ2.LANTHI > 1
)

--13. Tìm giáo viên (mã giáo viên, họ tên) không được phân công giảng dạy bất kỳ môn học nào.
SELECT MAGV, HOTEN
FROM GIAOVIEN
WHERE MAGV NOT IN (
    SELECT MAGV
    FROM GIANGDAY
)

-- 14. Tìm giáo viên (mã giáo viên, họ tên) không được phân công giảng dạy bất kỳ môn học nào thuộc khoa giáo viên đó phụ trách.
SELECT GV1.MAGV, GV1.HOTEN
FROM GIAOVIEN GV1
WHERE NOT EXISTS(
	SELECT *
	FROM GIANGDAY GD
	INNER JOIN MONHOC ON GD.MAMH = MONHOC.MAMH 
	WHERE GD.MAGV = GV1.MAGV
	AND MONHOC.MAKHOA = GV1.MAKHOA
)

--15. Tìm họ tên các học viên thuộc lớp “K11” thi một môn bất kỳ quá 3 lần vẫn “Khong dat” hoặc thi lần thứ 2 môn CTRR được 5 điểm.
SELECT HO + ' ' + TEN AS HOTEN
FROM HOCVIEN
WHERE MALOP = 'K11' AND MAHV IN (
    SELECT MAHV
    FROM KETQUATHI
    WHERE (LANTHI >= 3 AND KQUA = 'Khong dat') OR (LANTHI = 2 AND DIEM = 5 AND MAMH = 'CTRR')
)

--16. Tìm họ tên giáo viên dạy môn CTRR cho ít nhất hai lớp trong cùng một học kỳ của một năm học.
SELECT HOTEN
FROM GIAOVIEN
WHERE MAGV IN (
    SELECT MAGV
    FROM GIANGDAY
    WHERE MAMH = 'CTRR'
    GROUP BY MAGV, HOCKY, NAMHOC
    HAVING COUNT(MALOP) >=2
)

-- 17. Danh sách học viên và điểm thi môn CSDL (chỉ lấy điểm của lần thi sau cùng).
SELECT HOCVIEN.MAHV, HO + ' ' + TEN AS HOTEN, KQ.DIEM
FROM HOCVIEN
INNER JOIN KETQUATHI KQ ON KQ.MAHV = HOCVIEN.MAHV 
WHERE KQ.MAMH = 'CSDL'
  AND KQ.LANTHI = (
      SELECT MAX(LANTHI)
      FROM KETQUATHI
      WHERE MAHV = KQ.MAHV
        AND MAMH = 'CSDL'
)

-- 18. Danh sách học viên và điểm thi môn “Co So Du Lieu” (chỉ lấy điểm cao nhất của các lần thi).
SELECT HOCVIEN.MAHV, HO+' '+TEN AS HOTEN, MAX(KQ.DIEM) AS DIEMCAONHAT
FROM HOCVIEN
INNER JOIN KETQUATHI KQ ON KQ.MAHV = HOCVIEN.MAHV
WHERE KQ.MAMH = 'CSDL'
GROUP BY HOCVIEN.MAHV, HOCVIEN.MAHV, HO+' '+TEN

-- 19. Khoa nào (mã khoa, tên khoa) được thành lập sớm nhất.
SELECT TOP 1 MAKHOA, TENKHOA
FROM KHOA
ORDER BY NGTLAP ASC

-- 20. Có bao nhiêu giáo viên có học hàm là “GS” hoặc “PGS”.
SELECT COUNT(*)
FROM GIAOVIEN
WHERE HOCHAM = 'GS' OR HOCHAM = 'PGS'

-- 21. Thống kê có bao nhiêu giáo viên có học vị là “CN”, “KS”, “Ths”, “TS”, “PTS” trong mỗi khoa.
SELECT TENKHOA, COUNT(HOCVI)
FROM KHOA
JOIN GIAOVIEN ON GIAOVIEN.MAKHOA = KHOA.MAKHOA
WHERE HOCVI IN ('CN', 'KS', 'Ths', 'TS', 'PTS')
GROUP BY TENKHOA, HOCVI

-- 22. Mỗi môn học thống kê số lượng học viên theo kết quả (đạt và không đạt).
SELECT MAMH, KQUA, COUNT(KQUA) AS SL
FROM KETQUATHI
--WHERE KQUA = 'Dat'
GROUP BY MAMH, KQUA

--23. Tìm giáo viên (mã giáo viên, họ tên) là giáo viên chủ nhiệm của một lớp, đồng thời dạy cho lớp đó ít nhất một môn học.
SELECT MAGV, HOTEN
FROM GIAOVIEN
WHERE MAGV IN (
    SELECT MAGV
    FROM GIANGDAY
    JOIN LOP ON GIANGDAY.MAGV = LOP.MAGVCN
)

-- 24. Tìm họ tên lớp trưởng của lớp có sỉ số cao nhất.
SELECT TOP 1 HO + ' ' + TEN AS HOTEN
FROM LOP
JOIN HOCVIEN ON HOCVIEN.MAHV = LOP.TRGLOP
ORDER BY SISO DESC

-- 25.* Tìm họ tên những LOPTRG thi không đạt quá 3 môn (mỗi môn đều thi không đạt ở tất cả các lần thi).
SELECT HO + ' ' + TEN
FROM HOCVIEN
WHERE MAHV IN (
    SELECT TRGLOP
    FROM LOP
    WHERE TRGLOP IN (
        SELECT MAHV
        FROM KETQUATHI
        WHERE KETQUATHI.MAHV = LOP.TRGLOP AND KQUA = 'Khong Dat'
        GROUP BY MAHV
        HAVING COUNT(MAMH) >= 3
    )
)

-- 26. Tìm học viên (mã học viên, họ tên) có số môn đạt điểm 9, 10 nhiều nhất.
SELECT TOP 1 WITH TIES HOCVIEN.MAHV, HO + ' ' + TEN AS HOTEN
FROM HOCVIEN
JOIN KETQUATHI ON KETQUATHI.MAHV = HOCVIEN.MAHV
WHERE DIEM >= 9
GROUP BY HOCVIEN.MAHV, HO, TEN
ORDER BY COUNT(*) DESC

-- 27. Trong từng lớp, tìm học viên (mã học viên, họ tên) có số môn đạt điểm 9,10 nhiều nhất.
SELECT MALOP, MAHV, HO + ' ' + TEN AS HOTEN
FROM HOCVIEN HV
WHERE MAHV = (
	SELECT TOP 1 HOCVIEN.MAHV
	FROM HOCVIEN
	JOIN KETQUATHI ON KETQUATHI.MAHV = HOCVIEN.MAHV
	WHERE DIEM >= 9 AND HV.MALOP = MALOP
	GROUP BY HOCVIEN.MAHV
	ORDER BY COUNT(*) DESC
)

-- 28. Trong từng học kỳ của từng năm, mỗi giáo viên phân công dạy bao nhiêu môn học, bao nhiêu lớp.
SELECT NAM, HOCKY, MAGV, COUNT(MAMH) AS SLMONHOC, COUNT(MALOP) AS SLLOP
FROM GIANGDAY
GROUP BY NAM, HOCKY, MAGV

-- 29. Trong từng học kỳ của từng năm, tìm giáo viên (mã giáo viên, họ tên) giảng dạy nhiều nhất.
SELECT DISTINCT NAM, HOCKY, GIAOVIEN.MAGV, HOTEN
FROM GIANGDAY GD1
JOIN GIAOVIEN ON GIAOVIEN.MAGV = GD1.MAGV
WHERE GD1.MAGV IN (
-- tìm trong học kì và năm của query bên ngoài, thì bên trong tìm ra list GV -> TOP 1
	SELECT TOP 1 WITH TIES MAGV
	FROM GIANGDAY GD2
	WHERE GD1.NAM = GD2.NAM AND GD1.HOCKY = GD2.HOCKY
	GROUP BY GD2.MAGV
	ORDER BY COUNT(*) DESC
) 

-- 30. Tìm môn học (mã môn học, tên môn học) có nhiều học viên thi không đạt (ở lần thi thứ 1) nhất.
SELECT MAMH, TENMH
FROM MONHOC
WHERE MAMH IN (
	SELECT TOP 1 WITH TIES MAMH
	FROM KETQUATHI
	WHERE KQUA = 'Khong Dat' AND LANTHI = 1
	GROUP BY MAMH
	ORDER BY COUNT(*) DESC
)

-- 31. Tìm học viên (mã học viên, họ tên) thi môn nào cũng đạt (chỉ xét lần thi thứ 1).
SELECT DISTINCT HOCVIEN.MAHV, HO + ' ' + TEN AS HOTEN
FROM HOCVIEN
JOIN KETQUATHI ON HOCVIEN.MAHV = KETQUATHI.MAHV
WHERE HOCVIEN.MAHV NOT IN (
	SELECT MAHV
	FROM KETQUATHI
	WHERE LANTHI = 1 AND KQUA = 'Khong Dat'
)

-- 32.* Tìm học viên (mã học viên, họ tên) thi môn nào cũng đạt (chỉ xét lần thi sau cùng).
SELECT DISTINCT HOCVIEN.MAHV, HO + ' ' + TEN AS HOTEN
FROM HOCVIEN
JOIN KETQUATHI ON HOCVIEN.MAHV = KETQUATHI.MAHV
WHERE HOCVIEN.MAHV NOT IN (
	SELECT MAHV
	FROM KETQUATHI
	WHERE KQUA = 'Khong Dat' AND LANTHI = (
		SELECT MAX(LANTHI)
		FROM KETQUATHI
		WHERE MAHV = HOCVIEN.MAHV AND MAMH = KETQUATHI.MAMH
	)
)

-- 33.* Tìm học viên (mã học viên, họ tên) đã thi tất cả các môn và đều đạt (chỉ xét lần thi thứ 1).
SELECT DISTINCT HOCVIEN.MAHV, HO + ' ' + TEN AS HOTEN
FROM HOCVIEN
JOIN KETQUATHI ON HOCVIEN.MAHV = KETQUATHI.MAHV
WHERE HOCVIEN.MAHV NOT IN (
	SELECT MAHV
	FROM KETQUATHI
	WHERE LANTHI = 1 AND KQUA = 'Khong Dat'
) AND EXISTS (
	SELECT COUNT(*)
	FROM KETQUATHI
	WHERE HOCVIEN.MAHV = MAHV
	HAVING COUNT(DISTINCT MAMH) = (
		SELECT COUNT(*)
		FROM MONHOC
	)
)

SELECT HOCVIEN.MAHV, HO+' '+TEN AS HOTEN
FROM HOCVIEN
JOIN KETQUATHI ON HOCVIEN.MAHV = KETQUATHI.MAHV
WHERE LANTHI = 1 AND KQUA = 'Dat'
GROUP BY HOCVIEN.MAHV, HO+' '+TEN
HAVING COUNT(DISTINCT MAMH) = (SELECT COUNT(DISTINCT MAMH) FROM MONHOC);

-- 34.* Tìm học viên (mã học viên, họ tên) đã thi tất cả các môn và đều đạt (chỉ xét lần thi sau cùng).
SELECT C.MAHV, HO + ' ' + TEN HOTEN FROM (
	SELECT MAHV, COUNT(KQUA) SODAT FROM KETQUATHI A
	WHERE NOT EXISTS (
		SELECT 1 FROM KETQUATHI B 
		WHERE A.MAHV = B.MAHV AND A.MAMH = B.MAMH AND A.LANTHI < B.LANTHI
	) AND KQUA = 'Dat'
	GROUP BY MAHV
	INTERSECT
	SELECT MAHV, COUNT(MAMH) SOMH FROM KETQUATHI 
	WHERE LANTHI = 1
	GROUP BY MAHV
) C INNER JOIN HOCVIEN HV
ON C.MAHV = HV.MAHV

-- 35.** Tìm học viên (mã học viên, họ tên) có điểm thi cao nhất trong từng môn (lấy điểm ở lần thi sau cùng).
SELECT A.MAHV, HO + ' ' + TEN HOTEN FROM (
	SELECT B.MAMH, MAHV, DIEM, DIEMMAX
	FROM KETQUATHI B INNER JOIN (
		SELECT MAMH, MAX(DIEM) DIEMMAX FROM KETQUATHI
		GROUP BY MAMH
	) C 
	ON B.MAMH = C.MAMH
	WHERE NOT EXISTS (
		SELECT 1 FROM KETQUATHI D 
		WHERE B.MAHV = D.MAHV AND B.MAMH = D.MAMH AND B.LANTHI < D.LANTHI
	) AND DIEM = DIEMMAX
) A INNER JOIN HOCVIEN HV
ON A.MAHV = HV.MAHV






